id,primary_reason,customer_message,draft_reply,kb_citations,verdict (ok | not_ok),issue (grounding | wrong_answer | promise | tone | incomplete | other),note
MSG-001,no_puede_pagar,"hola, este mes no voy a poder pagar la cuota completa, me quede sin trabajo. hay alguna opcion?","Hola, lamento mucho lo de tu trabajo; gracias por contarnos antes de que se venza la cuota. Sí hay opciones: podemos revisar un acuerdo de pago o una refinanciación. Ya estamos escalando tu caso al equipo de Cartera, que se encarga de estos casos y te contactará para mirar alternativas contigo. Ten en cuenta que, si la cuota se paga después de la fecha de vencimiento, se cobra interés de mora sobre el saldo vencido a la tasa máxima legal vigente, y hay 5 días calendario de gracia antes de que se genere un reporte negativo. Quedamos atentos para acompañarte en el proceso.",mora_y_centrales.no_puede_pagar; mora_y_centrales.mora_e_intereses,ok,,
MSG-002,consulta_saldo_cuotas,cuanto debo este mes y cuando se vence?,"¡Hola! Con gusto te oriento. En la app, en la sección ""Mi crédito"", puedes ver tu saldo pendiente, el número de cuotas que te faltan y el valor de cada una. Tu fecha de pago quedó definida cuando se desembolsó el crédito y también la consultas ahí. Por este canal no puedo darte esos datos sin validar primero tu identidad; si prefieres, un asesor hace la validación y te confirma la información. Cualquier cosa, aquí estamos para ayudarte.",pagos_y_cuotas.saldo_y_cuotas; pagos_y_cuotas.fechas_de_pago,ok,,
MSG-008,datos_personales,"necesito cambiar el numero de celular asociado a mi cuenta, ya no uso este","¡Hola! Claro que sí, puedes actualizar tu número de celular directamente desde la app, en la sección ""Mi perfil"". Allí también puedes cambiar tu correo electrónico si lo necesitas. Ten en cuenta que el cambio aplica para tus futuras notificaciones. Si después de actualizarlo sigues recibiendo notificaciones en el dato anterior, escríbenos y lo revisamos contigo. ¡Quedamos atentos!",datos_certificados_pqr.actualizacion_datos,ok,,
MSG-009,certificados_extractos,"Hola, necesito un certificado de que estoy al dia con mi credito, me lo piden para un tramite. A donde lo solicito?","¡Hola! Claro que sí, te contamos cómo obtenerlo.

El certificado de estar al día (paz y salvo) lo puedes solicitar directamente en la app, en la sección ""Documentos"", o pedirlo con un asesor. La generación toma hasta 2 días hábiles, así que tenlo en cuenta según la fecha en que necesites presentarlo para tu trámite.

Si necesitas además un extracto de pagos, lo puedes pedir por el mismo camino.

Quedamos atentos a cualquier cosa que necesites. ¡Un saludo!",datos_certificados_pqr.certificados_extractos; mora_y_centrales.paz_y_salvo,ok,,
MSG-012,pago_no_aplicado,"Me cobraron dos veces la misma cuota este mes, me descontaron doble de la tarjeta. Necesito que me devuelvan el dinero urgente.","Hola, gracias por escribirnos y lamentamos la molestia que esto te ha causado.

Ya estamos escalando tu caso al equipo de Pagos para revisar el cobro doble que reportas. Por este canal no podemos confirmar una devolución sin antes hacer la verificación, pero el tiempo de respuesta es de hasta 5 días hábiles.

Para agilizar la revisión, por favor envíanos el comprobante de los dos descuentos que te aparecen en la tarjeta.

Quedamos atentos y te contamos en cuanto tengamos el resultado.",pagos_y_cuotas.pagos_no_aplicados,ok,,
MSG-013,fecha_de_pago,"se puede cambiar la fecha de pago? yo cobro el 30 y la cuota me cae el 5, siempre llego justo","¡Hola! Sí, se puede. La fecha de pago se define cuando se desembolsa el crédito, pero puedes solicitar un cambio de fecha una vez al año, siempre que estés al día con tus cuotas. La solicitud la gestionas desde la app o con un asesor, que validará tu identidad para revisar tu caso. Así puedes acomodar la cuota a tu fecha de cobro y no llegar tan justo. Cuéntanos si quieres que un asesor te acompañe en el proceso. ¡Estamos para ayudarte!",pagos_y_cuotas.fechas_de_pago,ok,,
MSG-015,certificados_extractos,Acabo de pagar la totalidad de mi credito. Cuando me llega el paz y salvo y cuando actualizan mi reporte en las centrales?,"¡Hola! Gracias por avisarnos y felicitaciones por terminar de pagar tu crédito.

El paz y salvo lo puedes solicitar como certificado desde la app, en la sección ""Documentos"", o con un asesor; su generación tarda hasta 2 días hábiles.

Sobre las centrales de riesgo, el reporte se actualiza en el siguiente ciclo, que puede tardar hasta 30 días calendario. Ten en cuenta que el historial no se borra: lo que se actualiza es el estado.

Si necesitas algo más, escríbenos y con gusto te ayudamos. ¡Que estés muy bien!",datos_certificados_pqr.certificados_extractos; mora_y_centrales.paz_y_salvo; mora_y_centrales.reporte_centrales,ok,,
MSG-019,mora_intereses,que pasa si me atraso unos dias en la cuota? cuanto es el interes de mora?,"¡Hola! Te cuento cómo funciona: si pagas la cuota después de la fecha de vencimiento, se cobra interés de mora sobre el saldo vencido, a la tasa máxima legal vigente, y empieza a correr desde el día siguiente al vencimiento. Además, tienes 5 días calendario de gracia antes de que se genere un reporte negativo a centrales de riesgo; el reporte solo se hace después de ese periodo y de enviarte las notificaciones previas por SMS y correo. Para ver el detalle de tu cuota y su fecha, revisa la sección ""Mi crédito"" en la app. Cualquier duda, aquí estamos para ayudarte.",mora_y_centrales.mora_e_intereses; mora_y_centrales.reporte_centrales,ok,,
MSG-021,reporte_centrales,"me llego un correo de ustedes avisando que estoy por ser reportado. ya pague, que hago para que no me reporten?","Hola, gracias por escribirnos y contarnos lo que pasó.

Si tu pago no se refleja después de 24 horas, envíanos el comprobante para abrir un caso de conciliación y revisarlo. Ya estamos escalando tu caso al equipo de Cartera para validar la situación del reporte.

Ten en cuenta que, cuando la cuenta queda al día, el reporte se actualiza a positivo en el siguiente ciclo, que puede tardar hasta 30 días calendario.

Quedamos atentos a tu comprobante para avanzar lo antes posible. ¡Gracias por tu paciencia!",mora_y_centrales.reporte_centrales; pagos_y_cuotas.pagos_no_aplicados,ok,,
MSG-038,datos_personales,"actualice mis datos en la app pero el correo viejo me sigue llegando todo, no me cambio el correo","¡Hola! Gracias por contarnos. El correo y el celular se actualizan desde la app en ""Mi perfil"", y el cambio aplica para las notificaciones futuras. Te sugiero revisar ahí que el correo nuevo haya quedado guardado bien. Si ya está correcto y aun así te siguen llegando los mensajes al correo viejo, soporte debe revisar la sincronización de tus datos, así que un asesor va a retomar tu caso para validarlo. Cualquier cosa, escríbenos por acá y seguimos contigo. ¡Gracias por tu paciencia!",datos_certificados_pqr.actualizacion_datos,ok,,
MSG-105,pago_no_aplicado,"pague ayer por pse y no se ve reflejado en la app, sigue apareciendo q debo. adjunto comprobante","Hola, gracias por escribirnos y por adjuntar el comprobante. Los pagos por PSE pueden tardar hasta 24 horas en reflejarse en la app, así que es posible que aún esté en proceso. Como ya nos compartiste el soporte, abrimos un caso de conciliación y estamos escalando tu caso al equipo de Pagos, que lo revisará en un plazo de hasta 5 días hábiles. Te avisaremos apenas tengamos una respuesta. Gracias por tu paciencia.",pagos_y_cuotas.pagos_no_aplicados,ok,,
MSG-106,metodos_de_pago,"Hola, por cuales medios puedo pagar mi cuota? puedo pagar en efecty o solo tarjeta?","¡Hola! Claro que sí, puedes pagar tu cuota en efectivo en Efecty; no estás limitado a tarjeta.

Los medios disponibles son: PSE, tarjeta débito o crédito, y pago en efectivo en Efecty y corresponsales bancarios usando el código de pago que encuentras en la app.

Si pagas en efectivo y el pago no se refleja en 24 horas, envía el comprobante a pagos@lumo.example y lo revisamos.

Quedamos atentos a cualquier otra duda. ¡Que tengas un buen día!",pagos_y_cuotas.metodos_de_pago,ok,,
MSG-114,queja_reclamo,"quiero poner una queja, llevo 3 dias llamando y nadie me resuelve nada, pesimo servicio","Hola, lamento la molestia que has tenido estos días; entiendo tu inconformidad y gracias por escribirnos.

Ya registramos tu queja formal como PQR y estamos escalando tu caso al equipo de PQR. Al radicarla se genera un número de radicado para que puedas hacerle seguimiento, y el tiempo legal de respuesta es de hasta 15 días hábiles.

Si tu reclamo tiene que ver con un cobro o con un reporte a centrales, también se enruta al equipo correspondiente para revisarlo a fondo.

Quedamos atentos y te contactaremos con la respuesta. Gracias por tu paciencia.",datos_certificados_pqr.pqr,ok,,
MSG-116,cancelacion,"quiero cancelar mi cuenta y mi producto con lumo, ya no lo quiero usar como hago","¡Hola! Claro que sí, te cuento cómo es el proceso. Para cancelar tu crédito necesitas estar a paz y salvo, es decir, pagar el saldo pendiente. Puedes adelantar cuotas o pagar la totalidad en cualquier momento, sin penalidad, y en la app ves el detalle antes de confirmar; además el pago anticipado reduce los intereses futuros. La cancelación de la cuenta no es automática: se gestiona con un asesor, por eso ya estamos escalando tu caso a un asesor para acompañarte en el proceso. Quedamos atentos a cualquier duda. ¡Gracias por escribirnos!",datos_certificados_pqr.cancelacion; pagos_y_cuotas.pago_anticipado,ok,,
MSG-130,mora_intereses,"Buen dia. Tengo una cuota vencida y me estan cobrando intereses que me parecen muy altos, quiero una explicacion de como los calculan y poner un reclamo formal.","Hola, gracias por escribirnos. Te explico: cuando una cuota se paga después de la fecha de vencimiento, se cobra interés de mora sobre el saldo vencido, calculado a la tasa máxima legal vigente, y empieza a correr desde el día siguiente al vencimiento. Ten en cuenta que los 5 días calendario de gracia aplican solo para el reporte a centrales, no para el interés. Sobre tu reclamo, lo radicamos como PQR: un agente lo registrará y te entregará el número de radicado. El tiempo legal de respuesta es de hasta 15 días hábiles. Puedes ver el detalle de tu crédito en la sección ""Mi crédito"" de la app. Quedamos atentos.",mora_y_centrales.mora_e_intereses; datos_certificados_pqr.pqr,ok,,
MSG-149,pago_anticipado,"buenas, cuanto me sale pagar todo el credito de una vez? quiero saldar y q me digan si hay descuento por pago anticipado","¡Hola! Claro que sí: puedes pagar la totalidad de tu crédito en cualquier momento y sin ninguna penalidad. No manejamos un descuento como tal, pero el pago anticipado sí reduce los intereses futuros, y el detalle exacto se calcula en la app antes de que confirmes el pago.

Para ver el valor total a pagar, entra a la sección ""Mi crédito"" en la app, donde aparecen tu saldo pendiente, las cuotas restantes y el valor de cada una. Si prefieres, un agente puede indicarte el saldo por este canal después de validar tu identidad.

Quedamos atentos a lo que necesites.",pagos_y_cuotas.pago_anticipado; pagos_y_cuotas.saldo_y_cuotas,ok,,
MSG-150,fecha_de_pago,hola buenas el clima hoy esta horrible jaja. ah y queria saber mi fecha de pago tambien,"¡Hola! Jaja, sí, el clima ha estado de todo menos amable. Sobre tu pregunta: la fecha de pago se define cuando se desembolsa el crédito, y puedes consultarla directamente en la app, en la sección ""Mi crédito"". Desde este canal no tenemos acceso a la información de tu cuenta, así que ahí la verás al instante. Un dato útil: si necesitas cambiarla, puedes pedir el cambio una vez al año, siempre que estés al día, desde la app o con un asesor. ¡Quedamos atentos a lo que necesites!",pagos_y_cuotas.fechas_de_pago,ok,,
MSG-152,consulta_saldo_cuotas,hola necesito saber mi saldo actual y el valor de la proxima cuota gracias,"¡Hola! Con gusto te ayudo. Puedes ver tu saldo pendiente, el número de cuotas restantes y el valor de cada cuota directamente en la app, en la sección ""Mi crédito"": ahí queda actualizado y disponible cuando lo necesites. Si prefieres que te lo confirmemos por este canal, un asesor debe validar primero tu identidad antes de compartirte la información de tu crédito. Cuéntanos si quieres seguir por aquí y coordinamos esa validación. ¡Quedamos atentos!",pagos_y_cuotas.saldo_y_cuotas,ok,,
MSG-155,no_puede_pagar,"este mes no voy a poder pagar la cuota me quede sin trabajo, q puedo hacer","Hola, lamento mucho lo de tu trabajo; gracias por contarnos con tiempo. Tenemos la opción de un acuerdo de pago o refinanciación para casos como el tuyo, así que estamos escalando tu caso al equipo de Cartera para que revisen alternativas contigo. Ten en cuenta que, si la cuota se paga después de la fecha de vencimiento, se cobra interés de mora sobre el saldo vencido a la tasa máxima legal vigente, y hay 5 días calendario de gracia antes de que se genere un reporte negativo. En cuanto el equipo revise tu caso, te contactamos. Quedamos atentos a cualquier duda.",mora_y_centrales.no_puede_pagar; mora_y_centrales.mora_e_intereses,ok,,
MSG-157,refinanciacion_acuerdo,"necesito refinanciar mi deuda, las cuotas estan muy altas y no me alcanza. se puede bajar el valor?","Hola, gracias por contarnos tu situación. Sí, cuando las cuotas se vuelven difíciles de pagar podemos revisar un acuerdo de pago o refinanciación. Ya estamos escalando tu caso al equipo de Cartera, que gestiona este tipo de solicitudes y se pondrá en contacto contigo para revisar las opciones disponibles. Ten en cuenta que, mientras tanto, si una cuota se paga después de la fecha de vencimiento se cobra interés de mora desde el día siguiente, y hay 5 días calendario de gracia antes de que se genere reporte negativo. Quedamos atentos a acompañarte en el proceso.",mora_y_centrales.no_puede_pagar; mora_y_centrales.mora_e_intereses,ok,,
